Genre,Year_of_Release,Platform,n,sales
Action,1980,2600,1,0.34
Action,1981,2600,25,14.84
Action,1982,2600,18,6.5200000000000005
Action,1983,2600,7,2.86
Action,1984,NES,1,1.85
Action,1985,DS,1,0.02
Action,1985,NES,1,3.5
Action,1986,NES,6,13.74
Action,1987,2600,2,1.12
Action,1988,2600,1,0.24
Action,1988,NES,1,1.51
Action,1989,2600,1,0.47
Action,1989,NES,1,4.17
Action,1990,GEN,1,2.6
Action,1990,NES,1,2.23
Action,1990,SNES,1,1.56
Action,1991,GB,1,0.06
Action,1991,NES,1,1.39
Action,1991,SNES,3,5.3100000000000005
Action,1992,GB,1,3.83
Action,1993,GEN,2,0.14
Action,1993,NES,1,0.36
Action,1993,SNES,3,1.31
Action,1994,SNES,4,1.5499999999999998
Action,1995,PS,6,2.81
Action,1995,SAT,1,0.41
Action,1995,SNES,1,0.35
Action,1996,N64,2,2.91
Action,1996,PC,1,1.03
Action,1996,PS,17,16.64
Action,1997,N64,5,2.54
Action,1997,PC,1,2.29
Action,1997,PS,23,22.51
Action,1997,SAT,2,0.24000000000000002
Action,1998,DC,1,0.08
Action,1998,N64,7,9.03
Action,1998,PC,2,1.03
Action,1998,PS,34,29.3
Action,1999,GB,1,0.31
Action,1999,N64,12,5.0600000000000005
Action,1999,PC,2,0.060000000000000005
Action,1999,PS,25,22.34
Action,2e3,DC,1,1.14
Action,2e3,GB,1,0.07
Action,2e3,N64,10,9.74
Action,2e3,PS,26,19.7
Action,2e3,PS2,6,3.39
Action,2001,DC,1,0.04
Action,2001,GB,2,3.65
Action,2001,GBA,17,5.72
Action,2001,GC,1,3.6
Action,2001,N64,1,0.16
Action,2001,PC,1,0.06
Action,2001,PS,18,9.82
Action,2001,PS2,22,35.06
Action,2001,XB,4,1.28
Action,2002,GBA,38,14.86
Action,2002,GC,16,11.03
Action,2002,PC,4,0.09
Action,2002,PS,5,2.62
Action,2002,PS2,34,46.66
Action,2002,XB,28,11.5
Action,2003,GBA,34,10.62
Action,2003,GC,29,5.83
Action,2003,PC,2,0.05
Action,2003,PS2,46,40.32
Action,2003,XB,33,11.11
Action,2004,DS,1,0.49
Action,2004,GBA,33,13.12
Action,2004,GC,17,5.38
Action,2004,PC,1,0.04
Action,2004,PS2,44,49.4
Action,2004,PSP,1,0.51
Action,2004,XB,28,7.3100000000000005
Action,2005,DS,18,3.14
Action,2005,GBA,28,7.43
Action,2005,GC,22,6.96
Action,2005,PC,4,1.04
Action,2005,PS2,61,42.74
Action,2005,PSP,9,9.91
Action,2005,X360,5,1.25
Action,2005,XB,45,13.06
Action,2006,DS,40,9.39
Action,2006,GBA,10,0.55
Action,2006,GC,11,4.2700000000000005
Action,2006,PC,6,0.16
Action,2006,PS2,47,20.27
Action,2006,PS3,3,0.92
Action,2006,PSP,26,10.68
Action,2006,Wii,9,8.17
Action,2006,X360,19,8.700000000000001
Action,2006,XB,13,3.02
Action,2007,DS,54,26.62
Action,2007,GBA,2,1.96
Action,2007,GC,2,0.18000000000000002
Action,2007,PC,5,0.13999999999999999
Action,2007,PS2,31,17.01
Action,2007,PS3,21,16.88
Action,2007,PSP,28,9.42
Action,2007,Wii,38,21.669999999999998
Action,2007,X360,28,10.91
Action,2007,XB,1,0.18
Action,2008,DS,58,16.71
Action,2008,PC,15,2.34
Action,2008,PS2,30,11.51
Action,2008,PS3,30,37.69
Action,2008,PSP,14,7.8
Action,2008,Wii,39,15.55
Action,2008,X360,35,43.41
Action,2009,DS,63,32.25
Action,2009,PC,18,0.88
Action,2009,PS2,18,4.66
Action,2009,PS3,43,43.730000000000004
Action,2009,PSP,34,8.46
Action,2009,Wii,54,18.51
Action,2009,X360,42,29.17
Action,2010,DS,53,14.209999999999999
Action,2010,PC,16,2.14
Action,2010,PS2,5,1.3499999999999999
Action,2010,PS3,47,39.13
Action,2010,PSP,26,8.95
Action,2010,Wii,39,16.35
Action,2010,X360,40,33.36
Action,2011,3DS,31,12.35
Action,2011,DS,30,6.73
Action,2011,PC,22,6.38
Action,2011,PS2,1,0.06
Action,2011,PS3,59,43.87
Action,2011,PSP,16,2.61
Action,2011,PSV,4,0.69
Action,2011,Wii,29,15.7
Action,2011,X360,46,28.37
Action,2012,3DS,40,11.450000000000001
Action,2012,DS,13,1.3499999999999999
Action,2012,PC,16,5.86
Action,2012,PS3,56,44.71
Action,2012,PSP,51,2.91
Action,2012,PSV,20,6.66
Action,2012,Wii,13,7.9399999999999995
Action,2012,WiiU,16,4.28
Action,2012,X360,40,33.94
Action,2013,3DS,29,12.01
Action,2013,DS,2,0.5
Action,2013,PC,11,1.94
Action,2013,PS3,37,52.82
Action,2013,PS4,2,4.470000000000001
Action,2013,PSP,6,0.66
Action,2013,PSV,14,2.26
Action,2013,Wii,2,1.6300000000000001
Action,2013,WiiU,13,4.77
Action,2013,X360,27,35.269999999999996
Action,2013,XOne,4,6.24
Action,2014,3DS,26,3.67
Action,2014,PC,16,2.5300000000000002
Action,2014,PS3,29,11.71
Action,2014,PS4,31,43.56
Action,2014,PSP,3,0.08
Action,2014,PSV,22,2.74
Action,2014,Wii,3,1
Action,2014,WiiU,18,5.83
Action,2014,X360,19,9.06
Action,2014,XOne,21,17.12
Action,2015,3DS,39,13.3
Action,2015,PC,16,2.27
Action,2015,PS3,35,5.37
Action,2015,PS4,52,33.24
Action,2015,PSP,3,0.12
Action,2015,PSV,54,2.85
Action,2015,Wii,3,0.19
Action,2015,WiiU,11,2.37
Action,2015,X360,13,2.81
Action,2015,XOne,27,9.52
Action,2016,3DS,22,5.15
Action,2016,PC,7,0.55
Action,2016,PS3,13,1
Action,2016,PS4,59,14.91
Action,2016,PSV,35,1.87
Action,2016,WiiU,6,1.8
Action,2016,X360,3,0.48
Action,2016,XOne,33,4.47
Action,2017,PSV,1,0.01
Action,NA,2600,6,2.95
Action,NA,3DS,1,0.4
Action,NA,DS,7,1.29
Action,NA,GBA,5,1.5
Action,NA,GC,3,0.59
Action,NA,N64,1,0.14
Action,NA,PC,4,0.83
Action,NA,PS,3,1.31
Action,NA,PS2,3,0.33
Action,NA,PS3,7,3.7199999999999998
Action,NA,PSP,5,2
Action,NA,Wii,8,7.8
Action,NA,X360,6,2.96
Action,NA,XB,3,1.8199999999999998
Adventure,1983,2600,1,0.4
Adventure,1987,NES,1,4.38
Adventure,1991,GB,1,1.76
Adventure,1991,SNES,1,0.48
Adventure,1992,GB,1,11.18
Adventure,1992,GEN,1,0.12
Adventure,1992,PC,1,0.78
Adventure,1992,SNES,1,0.16
Adventure,1993,GEN,1,0.07
Adventure,1994,PC,1,2.81
Adventure,1994,PS,1,0.06
Adventure,1994,SAT,1,0.06
Adventure,1994,SNES,1,0.81
Adventure,1995,3DO,1,0.06
Adventure,1995,PS,6,0.27
Adventure,1995,SAT,4,0.2
Adventure,1995,SNES,1,0.05
Adventure,1995,TG16,1,0.14
Adventure,1996,PS,9,2.17
Adventure,1996,SAT,8,2.02
Adventure,1997,N64,1,0.15
Adventure,1997,PC,1,2.43
Adventure,1997,PS,8,1.88
Adventure,1997,SAT,4,0.5
Adventure,1998,DC,1,0.06
Adventure,1998,GB,1,2.22
Adventure,1998,PS,12,5.39
Adventure,1998,SAT,9,1.3800000000000001
Adventure,1999,DC,2,1.28
Adventure,1999,N64,3,0.30000000000000004
Adventure,1999,PC,1,0.02
Adventure,1999,PS,13,6
Adventure,2e3,DC,4,0.35
Adventure,2e3,GB,1,0.14
Adventure,2e3,PS,9,2.34
Adventure,2e3,PS2,2,0.15
Adventure,2001,DC,2,0.48
Adventure,2001,GB,1,1.86
Adventure,2001,GBA,5,2.8499999999999996
Adventure,2001,GC,1,0.26
Adventure,2001,PS,7,2.57
Adventure,2001,PS2,5,1.1
Adventure,2002,DC,1,0.29
Adventure,2002,GBA,5,0.84
Adventure,2002,GC,6,2.93
Adventure,2002,PS,2,0.09000000000000001
Adventure,2002,PS2,22,6.04
Adventure,2002,XB,6,0.86
Adventure,2003,GBA,1,0.37
Adventure,2003,GC,2,0.45
Adventure,2003,PC,2,0.04
Adventure,2003,PS2,5,1.16
Adventure,2003,XB,2,0.12000000000000001
Adventure,2004,DS,1,0.06
Adventure,2004,GBA,16,6.22
Adventure,2004,GC,2,0.16
Adventure,2004,PC,1,0.02
Adventure,2004,PS2,12,1.6800000000000002
Adventure,2004,XB,6,0.55
Adventure,2005,DS,4,1.37
Adventure,2005,GBA,7,1.22
Adventure,2005,GC,6,1.28
Adventure,2005,PC,1,0.02
Adventure,2005,PS2,10,1.97
Adventure,2005,PSP,3,1.09
Adventure,2005,XB,11,1.49
Adventure,2006,DS,14,3.67
Adventure,2006,GBA,2,0.5599999999999999
Adventure,2006,GC,3,0.85
Adventure,2006,PC,1,0.04
Adventure,2006,PS2,38,4.15
Adventure,2006,PSP,11,1.78
Adventure,2006,Wii,1,0.28
Adventure,2006,XB,1,0.04
Adventure,2007,DS,32,6.97
Adventure,2007,GBA,1,0.23
Adventure,2007,PS2,30,1.99
Adventure,2007,PS3,3,4.94
Adventure,2007,PSP,3,0.19
Adventure,2007,Wii,12,4.140000000000001
Adventure,2007,X360,2,5.64
Adventure,2008,DC,1,0.04
Adventure,2008,DS,74,15.33
Adventure,2008,PC,8,1.06
Adventure,2008,PS2,41,1.87
Adventure,2008,PS3,5,0.94
Adventure,2008,PSP,10,0.37
Adventure,2008,Wii,24,4.34
Adventure,2008,X360,3,0.76
Adventure,2009,DS,51,10.73
Adventure,2009,PC,15,0.8
Adventure,2009,PS2,16,0.6900000000000001
Adventure,2009,PS3,3,0.35000000000000003
Adventure,2009,PSP,22,1.16
Adventure,2009,Wii,25,5.61
Adventure,2009,X360,8,0.86
Adventure,2010,DS,43,6.48
Adventure,2010,PC,4,0.23
Adventure,2010,PS2,13,0.33
Adventure,2010,PS3,6,3.63
Adventure,2010,PSP,64,2.17
Adventure,2010,Wii,15,2.68
Adventure,2010,X360,8,0.48000000000000004
Adventure,2011,3DS,4,0.53
Adventure,2011,DS,14,1.09
Adventure,2011,PC,12,0.92
Adventure,2011,PS2,2,0.03
Adventure,2011,PS3,13,6.33
Adventure,2011,PSP,48,2.25
Adventure,2011,PSV,1,0.05
Adventure,2011,Wii,3,0.5
Adventure,2011,X360,11,3.91
Adventure,2012,3DS,6,0.97
Adventure,2012,DS,2,0.03
Adventure,2012,PC,6,0.36
Adventure,2012,PS3,13,1.78
Adventure,2012,PSP,19,0.9600000000000001
Adventure,2012,PSV,6,0.34
Adventure,2012,Wii,1,0.01
Adventure,2012,X360,4,1.3499999999999999
Adventure,2013,3DS,6,1.75
Adventure,2013,DS,1,0.03
Adventure,2013,PC,3,0.13
Adventure,2013,PS3,8,2.32
Adventure,2013,PSP,29,0.66
Adventure,2013,PSV,12,1.16
Adventure,2013,X360,1,0.02
Adventure,2014,3DS,12,0.89
Adventure,2014,PC,1,0.05
Adventure,2014,PS3,12,0.93
Adventure,2014,PS4,4,1.19
Adventure,2014,PSP,4,0.05
Adventure,2014,PSV,28,1.06
Adventure,2014,Wii,1,0.18
Adventure,2014,WiiU,2,0.15000000000000002
Adventure,2014,X360,6,0.64
Adventure,2014,XOne,5,0.47000000000000003
Adventure,2015,3DS,4,0.18
Adventure,2015,PC,2,0.12
Adventure,2015,PS3,7,0.86
Adventure,2015,PS4,10,2.98
Adventure,2015,PSV,21,0.71
Adventure,2015,X360,4,1.25
Adventure,2015,XOne,6,2.05
Adventure,2016,3DS,5,0.5
Adventure,2016,PC,5,0.21
Adventure,2016,PS3,2,0.16999999999999998
Adventure,2016,PS4,14,2.22
Adventure,2016,PSV,25,0.52
Adventure,2016,WiiU,1,0.01
Adventure,2016,X360,1,0.03
Adventure,2016,XOne,3,0.17
Adventure,NA,2600,1,1.3
Adventure,NA,3DS,1,0.08
Adventure,NA,DS,2,0.13999999999999999
Adventure,NA,GBA,1,2.39
Adventure,NA,PS,2,0.2
Adventure,NA,PS3,2,0.03
Adventure,NA,Wii,1,0.09
Fighting,1980,2600,1,0.77
Fighting,1985,NES,1,1.05
Fighting,1987,NES,2,5.42
Fighting,1991,SNES,1,0.39
Fighting,1992,GEN,2,4.33
Fighting,1992,NES,1,0.07
Fighting,1992,SNES,4,10.85
Fighting,1993,GEN,1,0.15
Fighting,1993,NG,2,0.21000000000000002
Fighting,1993,SNES,8,8.39
Fighting,1994,GEN,2,1.4200000000000002
Fighting,1994,NG,4,0.8
Fighting,1994,PC,1,0.02
Fighting,1994,PS,2,1.3800000000000001
Fighting,1994,SAT,5,1.4000000000000001
Fighting,1994,SNES,8,3.46
Fighting,1995,NG,3,0.31
Fighting,1995,PS,12,6.45
Fighting,1995,SAT,11,4.4
Fighting,1995,SNES,3,3.6900000000000004
Fighting,1996,N64,2,1.7799999999999998
Fighting,1996,NG,2,0.1
Fighting,1996,PS,17,14.32
Fighting,1996,SAT,8,1.69
Fighting,1996,SNES,1,0.17
Fighting,1997,N64,8,3.08
Fighting,1997,PS,16,8.03
Fighting,1997,SAT,4,0.65
Fighting,1998,DC,2,0.51
Fighting,1998,N64,7,4.92
Fighting,1998,PS,29,25.85
Fighting,1998,SAT,3,0.38
Fighting,1999,DC,3,0.54
Fighting,1999,N64,7,9.79
Fighting,1999,PS,14,3.93
Fighting,2e3,DC,5,0.61
Fighting,2e3,N64,5,2.51
Fighting,2e3,PS,11,9.22
Fighting,2e3,PS2,8,7.88
Fighting,2001,DC,2,0.16999999999999998
Fighting,2001,GBA,4,1.04
Fighting,2001,GC,1,7.07
Fighting,2001,PS,4,2.7399999999999998
Fighting,2001,PS2,6,5.33
Fighting,2001,XB,1,1.77
Fighting,2002,GBA,11,1.11
Fighting,2002,GC,13,2.9299999999999997
Fighting,2002,PS,3,0.76
Fighting,2002,PS2,17,17.48
Fighting,2002,XB,10,2.74
Fighting,2003,GBA,5,1.34
Fighting,2003,GC,10,5.0200000000000005
Fighting,2003,PS2,19,14.62
Fighting,2003,XB,10,2.75
Fighting,2004,GBA,3,0.72
Fighting,2004,GC,5,1.42
Fighting,2004,PS2,18,10.97
Fighting,2004,PSP,1,0.15
Fighting,2004,XB,12,3.52
Fighting,2005,DS,4,1.35
Fighting,2005,GC,11,1.86
Fighting,2005,PS2,15,13.34
Fighting,2005,PSP,4,1.01
Fighting,2005,X360,1,0.47
Fighting,2005,XB,8,1.68
Fighting,2006,DS,7,2.03
Fighting,2006,GC,2,0.13
Fighting,2006,PS2,22,7.8500000000000005
Fighting,2006,PS3,1,1.67
Fighting,2006,PSP,13,7.5600000000000005
Fighting,2006,Wii,2,0.6000000000000001
Fighting,2006,X360,5,2.21
Fighting,2006,XB,3,0.37
Fighting,2007,DS,10,0.88
Fighting,2007,PS2,18,6.72
Fighting,2007,PS3,2,2.41
Fighting,2007,PSP,6,1.8699999999999999
Fighting,2007,Wii,12,3.9
Fighting,2007,X360,2,1.71
Fighting,2008,DS,4,0.66
Fighting,2008,PS2,13,2.69
Fighting,2008,PS3,7,6.89
Fighting,2008,PSP,12,4.12
Fighting,2008,Wii,13,15.03
Fighting,2008,X360,7,5.65
Fighting,2009,DS,5,1.21
Fighting,2009,PS2,7,1.81
Fighting,2009,PS3,9,13.4
Fighting,2009,PSP,16,3.23
Fighting,2009,Wii,6,2.04
Fighting,2009,X360,10,10.19
Fighting,2010,DS,4,0.54
Fighting,2010,PC,1,0.01
Fighting,2010,PS2,2,0.39
Fighting,2010,PS3,8,6
Fighting,2010,PSP,10,1.64
Fighting,2010,Wii,5,1.1500000000000001
Fighting,2010,X360,10,4.99
Fighting,2011,3DS,5,2.1
Fighting,2011,DS,2,0.43999999999999995
Fighting,2011,PS2,1,0.11
Fighting,2011,PS3,16,9.75
Fighting,2011,PSP,7,1.79
Fighting,2011,PSV,2,0.39999999999999997
Fighting,2011,Wii,3,0.61
Fighting,2011,X360,14,7.17
Fighting,2012,3DS,2,0.26
Fighting,2012,PC,1,0.02
Fighting,2012,PS3,9,4.9799999999999995
Fighting,2012,PSP,3,0.34
Fighting,2012,PSV,4,1.03
Fighting,2012,WiiU,1,0.18
Fighting,2012,X360,9,2.39
Fighting,2013,3DS,2,0.11
Fighting,2013,PS3,7,3.13
Fighting,2013,PS4,1,0.91
Fighting,2013,PSP,1,0.02
Fighting,2013,PSV,3,0.51
Fighting,2013,WiiU,2,0.21
Fighting,2013,X360,2,1.89
Fighting,2013,XOne,2,0.26
Fighting,2014,3DS,2,7.67
Fighting,2014,PS3,10,2.14
Fighting,2014,PS4,1,0.16
Fighting,2014,PSV,5,0.56
Fighting,2014,WiiU,1,4.87
Fighting,2014,X360,4,0.43
Fighting,2015,3DS,2,0.4
Fighting,2015,PC,1,0.05
Fighting,2015,PS3,5,0.58
Fighting,2015,PS4,9,4.86
Fighting,2015,X360,1,0.24
Fighting,2015,XOne,3,1.7899999999999998
Fighting,2016,3DS,1,0.03
Fighting,2016,PC,1,0.06
Fighting,2016,PS3,2,0.13
Fighting,2016,PS4,7,2.7199999999999998
Fighting,2016,PSV,2,0.13
Fighting,2016,WiiU,1,1.01
Fighting,2016,XOne,2,0.36
Fighting,NA,2600,1,0.47
Fighting,NA,PC,1,0.13
Fighting,NA,PS2,4,3.41
Fighting,NA,PSP,1,0.09
Fighting,NA,Wii,1,0.03
Fighting,NA,XB,4,0.72
Misc,1980,2600,4,2.71
Misc,1982,2600,1,0.87
Misc,1983,NES,1,2.14
Misc,1984,NES,1,1.45
Misc,1989,GB,1,1.28
Misc,1991,SNES,1,0.08
Misc,1992,GB,1,2.19
Misc,1992,SNES,1,2.75
Misc,1993,SNES,3,0.3
Misc,1994,GEN,1,0.03
Misc,1994,PC,1,2.39
Misc,1994,SCD,2,0.1
Misc,1994,SNES,2,0.33999999999999997
Misc,1995,GB,1,0.3
Misc,1995,PC,1,0.02
Misc,1995,PS,4,4.31
Misc,1995,SAT,11,0.91
Misc,1995,SNES,5,0.86
Misc,1996,N64,2,0.18
Misc,1996,PS,14,9.76
Misc,1996,SAT,2,0.05
Misc,1996,SNES,5,0.6900000000000001
Misc,1997,GB,2,2.2199999999999998
Misc,1997,N64,2,0.47
Misc,1997,PS,6,2.76
Misc,1997,SAT,2,0.24
Misc,1998,N64,4,2.95
Misc,1998,PS,18,8.99
Misc,1999,GB,2,6.529999999999999
Misc,1999,N64,8,5.4399999999999995
Misc,1999,PC,1,1.94
Misc,1999,PS,14,6.74
Misc,2e3,GB,1,0.83
Misc,2e3,N64,2,2.15
Misc,2e3,PC,1,2.99
Misc,2e3,PS,15,9.530000000000001
Misc,2e3,PS2,1,0.04
Misc,2001,GBA,6,5.930000000000001
Misc,2001,GC,1,0.1
Misc,2001,PS,3,1.18
Misc,2001,PS2,14,7.7299999999999995
Misc,2001,XB,2,1.46
Misc,2002,GBA,13,3.56
Misc,2002,GC,9,5.85
Misc,2002,PS2,17,5.36
Misc,2002,XB,6,0.9
Misc,2003,GBA,12,3.89
Misc,2003,GC,8,4.59
Misc,2003,PS,2,1.63
Misc,2003,PS2,25,12.48
Misc,2003,XB,6,1.23
Misc,2004,DS,3,0.34
Misc,2004,GBA,34,11.15
Misc,2004,GC,5,2.46
Misc,2004,PS2,22,13.05
Misc,2004,PSP,4,0.74
Misc,2004,XB,17,3.58
Misc,2005,DS,18,28.75
Misc,2005,GBA,38,9.88
Misc,2005,GC,10,3.21
Misc,2005,PS2,28,15.37
Misc,2005,PSP,8,2.4
Misc,2005,XB,13,1.47
Misc,2006,DS,37,17.28
Misc,2006,GBA,4,0.6
Misc,2006,GC,2,0.24
Misc,2006,PC,2,0.02
Misc,2006,PS2,24,13.55
Misc,2006,PS3,2,0.04
Misc,2006,PSP,25,1.96
Misc,2006,Wii,8,33.07
Misc,2006,X360,3,0.28
Misc,2006,XB,1,0.03
Misc,2007,DS,70,30.3
Misc,2007,GBA,3,1.24
Misc,2007,PC,1,0.02
Misc,2007,PS2,32,15.360000000000001
Misc,2007,PS3,5,3.8800000000000003
Misc,2007,PSP,8,1.46
Misc,2007,Wii,25,31.36
Misc,2007,X360,7,7.9
Misc,2008,DS,92,27.3
Misc,2008,PC,2,0.04
Misc,2008,PS2,32,10.040000000000001
Misc,2008,PS3,15,8.88
Misc,2008,PSP,10,1.75
Misc,2008,Wii,44,27.5
Misc,2008,X360,17,10.540000000000001
Misc,2009,DS,60,13.53
Misc,2009,PC,2,0.07
Misc,2009,PS2,20,5.640000000000001
Misc,2009,PS3,28,11.66
Misc,2009,PSP,9,1.27
Misc,2009,Wii,65,33.85
Misc,2009,X360,22,9.78
Misc,2010,DS,70,11
Misc,2010,PC,4,0.16
Misc,2010,PS2,3,0.07
Misc,2010,PS3,24,6.39
Misc,2010,PSP,16,1.9
Misc,2010,Wii,65,45.19
Misc,2010,X360,19,30.49
Misc,2011,3DS,13,1.55
Misc,2011,DS,35,6.66
Misc,2011,PC,2,0.04
Misc,2011,PS3,26,5.23
Misc,2011,PSP,14,1.76
Misc,2011,PSV,2,0.11
Misc,2011,Wii,50,23.99
Misc,2011,X360,41,15.110000000000001
Misc,2012,3DS,9,2.35
Misc,2012,DS,1,0.4
Misc,2012,PC,1,0.02
Misc,2012,PS3,4,0.52
Misc,2012,PSP,2,0.24
Misc,2012,PSV,3,0.47000000000000003
Misc,2012,Wii,8,10.79
Misc,2012,WiiU,4,5.09
Misc,2012,X360,5,2.33
Misc,2013,3DS,12,3.26
Misc,2013,DS,1,0.07
Misc,2013,PC,1,0.65
Misc,2013,PS3,4,1.67
Misc,2013,PS4,1,0.41
Misc,2013,PSP,6,0.15
Misc,2013,PSV,2,0.42000000000000004
Misc,2013,Wii,4,3.9299999999999997
Misc,2013,WiiU,5,2.8
Misc,2013,X360,4,11.23
Misc,2013,XOne,2,0.69
Misc,2014,3DS,5,1.08
Misc,2014,PC,1,0.02
Misc,2014,PS3,5,5.9799999999999995
Misc,2014,PS4,5,5.550000000000001
Misc,2014,PSP,2,0.02
Misc,2014,PSV,9,2.66
Misc,2014,Wii,1,2.01
Misc,2014,WiiU,4,0.96
Misc,2014,X360,2,0.6699999999999999
Misc,2014,XOne,8,4.3999999999999995
Misc,2015,3DS,10,2.25
Misc,2015,PC,2,0.04
Misc,2015,PS3,3,0.48000000000000004
Misc,2015,PS4,4,1.63
Misc,2015,PSV,5,0.55
Misc,2015,Wii,1,0.95
Misc,2015,WiiU,7,2.85
Misc,2015,X360,2,0.55
Misc,2015,XOne,5,2.2600000000000002
Misc,2016,3DS,5,0.49
Misc,2016,PS3,6,0.22
Misc,2016,PS4,10,0.62
Misc,2016,PSV,3,0.22
Misc,2016,Wii,1,0.18
Misc,2016,WiiU,2,0.77
Misc,2016,X360,1,0.04
Misc,2016,XOne,4,0.09
Misc,NA,DS,4,0.09
Misc,NA,GC,1,0.28
Misc,NA,PC,2,0.15
Misc,NA,PS2,4,2.45
Misc,NA,PS3,3,1.9300000000000002
Misc,NA,PSP,2,0.26
Misc,NA,Wii,8,3.5500000000000003
Misc,NA,X360,4,2.62
Misc,NA,XB,1,0.91
Platform,1981,2600,3,6.93
Platform,1982,2600,5,5.03
Platform,1983,2600,1,1.31
Platform,1983,NES,4,5.62
Platform,1984,NES,1,0.69
Platform,1985,NES,4,43.17
Platform,1986,NES,6,9.39
Platform,1987,NES,2,1.7400000000000002
Platform,1988,GB,1,1.43
Platform,1988,NES,3,26.3
Platform,1989,GB,1,18.14
Platform,1989,NES,2,2.52
Platform,1990,NES,2,2.36
Platform,1990,SNES,1,20.61
Platform,1991,GB,2,0.56
Platform,1991,GEN,1,4.34
Platform,1991,NES,1,0.93
Platform,1991,SNES,2,1.81
Platform,1992,GB,1,5.13
Platform,1992,GEN,1,6.03
Platform,1992,GG,1,0.04
Platform,1992,NES,1,0.79
Platform,1992,SNES,2,1.43
Platform,1993,GEN,1,0.05
Platform,1993,NES,2,2.27
Platform,1993,SCD,1,1.5
Platform,1993,SNES,7,14.850000000000001
Platform,1994,GB,3,12.17
Platform,1994,GEN,4,5.03
Platform,1994,SAT,1,0.09
Platform,1994,SNES,3,11.450000000000001
Platform,1995,GB,1,2.36
Platform,1995,PS,5,4.279999999999999
Platform,1995,SNES,7,10.05
Platform,1996,GB,1,2.35
Platform,1996,N64,1,11.89
Platform,1996,PS,9,8.61
Platform,1996,SAT,1,0.43
Platform,1996,SNES,2,4.949999999999999
Platform,1997,GB,1,1.48
Platform,1997,N64,4,5.25
Platform,1997,PS,10,14.58
Platform,1997,SAT,2,0.18
Platform,1997,SNES,1,0.36
Platform,1998,DC,1,2.42
Platform,1998,GB,1,0.38
Platform,1998,N64,7,6.05
Platform,1998,PS,14,20.83
Platform,1998,SAT,1,0.06
Platform,1998,SNES,1,0.14
Platform,1999,GB,1,5.07
Platform,1999,N64,9,8.17
Platform,1999,PS,8,7.58
Platform,2e3,GB,4,4.74
Platform,2e3,N64,8,4
Platform,2e3,PS,10,6.94
Platform,2e3,PS2,2,0.38
Platform,2001,DC,1,0.12
Platform,2001,GB,1,0.07
Platform,2001,GBA,20,21.16
Platform,2001,GC,2,2.74
Platform,2001,N64,1,0.77
Platform,2001,PS,6,1.1600000000000001
Platform,2001,PS2,10,12.17
Platform,2001,XB,2,1.0899999999999999
Platform,2002,GBA,33,18.900000000000002
Platform,2002,GC,19,9.93
Platform,2002,PS,2,0.22999999999999998
Platform,2002,PS2,15,14.63
Platform,2002,XB,8,2.2800000000000002
Platform,2003,GBA,32,17.38
Platform,2003,GC,20,6.41
Platform,2003,PC,1,0.03
Platform,2003,PS2,20,16.24
Platform,2003,XB,14,2.83
Platform,2004,DS,1,10.3
Platform,2004,GBA,25,13.98
Platform,2004,GC,12,5.14
Platform,2004,PS2,17,15.790000000000001
Platform,2004,XB,11,2.0100000000000002
Platform,2005,DS,15,7.13
Platform,2005,GBA,23,5.86
Platform,2005,GC,12,2.7800000000000002
Platform,2005,PS2,14,4.91
Platform,2005,PSP,7,1.46
Platform,2005,XB,12,1.25
Platform,2006,DS,16,37.43
Platform,2006,GBA,6,0.8
Platform,2006,GC,8,1.66
Platform,2006,PS2,6,1.11
Platform,2006,PS3,1,1.16
Platform,2006,PSP,9,5.11
Platform,2006,Wii,4,0.73
Platform,2006,X360,2,1.1500000000000001
Platform,2006,XB,2,0.2
Platform,2007,DS,18,5.32
Platform,2007,PC,1,0.02
Platform,2007,PS2,3,1.82
Platform,2007,PS3,2,3.23
Platform,2007,PSP,7,4.57
Platform,2007,Wii,10,19.57
Platform,2007,X360,1,0.57
Platform,2008,DS,15,7.52
Platform,2008,PC,1,0.02
Platform,2008,PS2,10,3.68
Platform,2008,PS3,7,9.450000000000001
Platform,2008,PSP,6,2.19
Platform,2008,Wii,15,7.89
Platform,2008,X360,8,4.39
Platform,2009,DS,6,1.8
Platform,2009,PC,2,0.09
Platform,2009,PS2,2,1.06
Platform,2009,PS3,4,2.43
Platform,2009,PSP,4,3.2600000000000002
Platform,2009,Wii,8,31.46
Platform,2009,X360,3,0.48000000000000004
Platform,2010,DS,7,4.16
Platform,2010,PS2,2,0.32
Platform,2010,PS3,5,1.22
Platform,2010,PSP,3,0.5
Platform,2010,Wii,12,24.490000000000002
Platform,2010,X360,2,0.29
Platform,2011,3DS,9,13.42
Platform,2011,DS,9,1.53
Platform,2011,PC,3,0.18
Platform,2011,PS3,6,7.49
Platform,2011,PSV,1,0.3
Platform,2011,Wii,6,2.48
Platform,2011,X360,3,2.31
Platform,2012,3DS,4,10.32
Platform,2012,PC,1,0.08
Platform,2012,PS3,2,0.93
Platform,2012,PSV,2,1.79
Platform,2012,WiiU,2,5.25
Platform,2013,3DS,7,4.81
Platform,2013,DS,2,0.7
Platform,2013,PC,1,0.01
Platform,2013,PS3,6,2.57
Platform,2013,PS4,3,2.28
Platform,2013,PSV,2,0.28
Platform,2013,Wii,2,2.2399999999999998
Platform,2013,WiiU,8,9.43
Platform,2013,X360,4,1.95
Platform,2013,XOne,1,0.32
Platform,2014,3DS,2,3.21
Platform,2014,PS3,2,0.64
Platform,2014,PS4,2,2.92
Platform,2014,PSV,2,0.15000000000000002
Platform,2014,WiiU,1,1.52
Platform,2014,XOne,1,0.34
Platform,2015,3DS,4,0.46
Platform,2015,PS4,2,0.34
Platform,2015,PSV,2,0.04
Platform,2015,WiiU,4,5.13
Platform,2015,X360,1,0.09
Platform,2016,3DS,2,0.3
Platform,2016,PC,1,0.06
Platform,2016,PS3,1,0.11
Platform,2016,PS4,5,2.16
Platform,2016,WiiU,2,0.21
Platform,2016,X360,1,0.09
Platform,2016,XOne,3,0.28
Platform,NA,DS,2,0.03
Platform,NA,GB,1,1.03
Platform,NA,GBA,3,0.22000000000000003
Platform,NA,PS2,2,0.4
Platform,NA,PS3,1,0.48
Platform,NA,Wii,1,0.06
Puzzle,1981,2600,2,2.2399999999999998
Puzzle,1982,2600,3,10.03
Puzzle,1983,2600,1,0.78
Puzzle,1984,NES,3,3.14
Puzzle,1985,2600,1,0.45
Puzzle,1985,NES,3,2.7600000000000002
Puzzle,1988,NES,1,5.58
Puzzle,1989,2600,1,0.15
Puzzle,1989,GB,3,37.54
Puzzle,1989,NES,1,0.06
Puzzle,1990,GB,1,1.15
Puzzle,1990,NES,1,4.85
Puzzle,1991,GB,1,0.73
Puzzle,1991,NES,3,2.51
Puzzle,1992,GB,3,3.15
Puzzle,1992,NES,1,1.12
Puzzle,1992,SNES,1,0.57
Puzzle,1993,NES,1,0.98
Puzzle,1993,SNES,2,2.19
Puzzle,1994,3DO,1,0.02
Puzzle,1994,SNES,2,1.51
Puzzle,1995,GB,2,0.94
Puzzle,1995,PS,4,0.37
Puzzle,1995,SAT,1,0.05
Puzzle,1995,SNES,5,1.3499999999999999
Puzzle,1996,GB,2,0.58
Puzzle,1996,PS,3,2.64
Puzzle,1996,SAT,2,0.22999999999999998
Puzzle,1996,SNES,2,0.46
Puzzle,1997,GB,1,0.22
Puzzle,1997,N64,5,1.87
Puzzle,1997,PS,5,2.78
Puzzle,1997,SAT,2,0.72
Puzzle,1997,SNES,1,0.3
Puzzle,1998,GB,1,1.93
Puzzle,1998,N64,2,0.14
Puzzle,1998,PS,10,4.2700000000000005
Puzzle,1999,N64,1,0.29
Puzzle,1999,PS,5,1.07
Puzzle,2e3,GB,1,1.23
Puzzle,2e3,N64,3,0.6900000000000001
Puzzle,2e3,PS,3,0.76
Puzzle,2e3,PS2,5,1.14
Puzzle,2001,GBA,11,5.93
Puzzle,2001,GC,1,1.46
Puzzle,2001,N64,1,0.42
Puzzle,2001,PS,2,0.19
Puzzle,2002,GBA,7,1.1
Puzzle,2002,GC,6,1.91
Puzzle,2002,PS2,4,2.21
Puzzle,2002,XB,3,0.12000000000000001
Puzzle,2003,GBA,2,1.28
Puzzle,2003,GC,3,0.77
Puzzle,2003,PS2,1,0.14
Puzzle,2003,XB,2,0.23
Puzzle,2004,DS,7,3.27
Puzzle,2004,GBA,10,3.0300000000000002
Puzzle,2004,GC,1,0.01
Puzzle,2004,PS2,1,0.73
Puzzle,2004,PSP,4,1.29
Puzzle,2004,XB,2,0.07
Puzzle,2005,DS,15,17.43
Puzzle,2005,GBA,7,0.67
Puzzle,2005,GC,1,0.42
Puzzle,2005,PS2,1,0.52
Puzzle,2005,PSP,9,1.3800000000000001
Puzzle,2006,DS,18,5.26
Puzzle,2006,GBA,2,0.08
Puzzle,2006,PC,2,0.03
Puzzle,2006,PS2,2,0.30000000000000004
Puzzle,2006,PSP,15,2.05
Puzzle,2006,Wii,3,3.04
Puzzle,2006,X360,1,0.04
Puzzle,2007,DS,45,22.05
Puzzle,2007,PC,2,0.04
Puzzle,2007,PS2,1,0.12
Puzzle,2007,PSP,10,0.46
Puzzle,2007,Wii,5,0.6
Puzzle,2007,X360,3,0.47000000000000003
Puzzle,2008,DS,36,9.25
Puzzle,2008,PC,3,0.11
Puzzle,2008,PS2,3,0.74
Puzzle,2008,PSP,4,0.23
Puzzle,2008,Wii,18,4.96
Puzzle,2009,DS,54,14.94
Puzzle,2009,PC,3,0.08
Puzzle,2009,PS3,1,0.4
Puzzle,2009,PSP,1,0.03
Puzzle,2009,Wii,18,4.15
Puzzle,2009,X360,2,0.2
Puzzle,2010,DS,31,8.68
Puzzle,2010,PC,3,0.12
Puzzle,2010,PSP,1,0.08
Puzzle,2010,Wii,8,1.86
Puzzle,2011,3DS,7,2.91
Puzzle,2011,DS,24,1.35
Puzzle,2011,PC,10,0.51
Puzzle,2011,PSV,1,0.12
Puzzle,2011,Wii,1,0.06
Puzzle,2012,3DS,4,0.92
Puzzle,2012,DS,4,0.11
Puzzle,2012,PC,2,0.03
Puzzle,2012,Wii,1,0.66
Puzzle,2013,3DS,2,0.85
Puzzle,2013,WiiU,1,0.1
Puzzle,2014,3DS,3,0.19
Puzzle,2014,PS3,1,0.04
Puzzle,2014,PSV,1,0.05
Puzzle,2014,WiiU,2,1.21
Puzzle,2015,3DS,4,0.6799999999999999
Puzzle,2015,PS4,1,0.03
Puzzle,2015,WiiU,1,0.01
Puzzle,2016,PSV,1,0.01
Puzzle,NA,2600,3,1.03
Puzzle,NA,DS,2,0.38
Puzzle,NA,GBA,2,0.83
Puzzle,NA,GC,1,0.13
Puzzle,NA,PS3,1,0.14
Puzzle,NA,Wii,1,0.04
Puzzle,NA,X360,1,0.14
Racing,1981,2600,1,0.48
Racing,1982,2600,2,1.5699999999999998
Racing,1984,2600,1,0.27
Racing,1984,NES,2,5.68
Racing,1986,NES,1,1.96
Racing,1988,NES,1,2.14
Racing,1990,GB,1,3.41
Racing,1990,SNES,1,2.85
Racing,1991,GB,1,1.14
Racing,1992,SNES,2,9.04
Racing,1993,SNES,2,0.36
Racing,1994,GEN,1,0.26
Racing,1994,PS,2,0.8600000000000001
Racing,1994,SAT,3,0.8
Racing,1994,SCD,1,0.07
Racing,1994,SNES,1,0.2
Racing,1995,PS,6,4.46
Racing,1995,SAT,4,1.49
Racing,1995,SNES,2,0.14
Racing,1996,N64,3,14.549999999999999
Racing,1996,PS,17,12.68
Racing,1996,SAT,1,0.11
Racing,1996,SNES,1,0.9
Racing,1997,N64,8,7.66
Racing,1997,PC,1,0.01
Racing,1997,PS,27,24.24
Racing,1998,DC,1,0.06
Racing,1998,N64,16,7.18
Racing,1998,PS,32,20.66
Racing,1999,DC,2,0.58
Racing,1999,N64,20,7.96
Racing,1999,PS,27,28.73
Racing,2e3,DC,2,1.94
Racing,2e3,N64,10,2.74
Racing,2e3,PS,21,7.8500000000000005
Racing,2e3,PS2,10,7.46
Racing,2001,DC,1,0.07
Racing,2001,GBA,9,7.84
Racing,2001,GC,4,1.48
Racing,2001,PS,11,3.17
Racing,2001,PS2,35,38.55
Racing,2001,XB,11,4.7
Racing,2002,GBA,17,2.09
Racing,2002,GC,20,2.87
Racing,2002,PS,1,0.24
Racing,2002,PS2,40,20.330000000000002
Racing,2002,XB,25,4.67
Racing,2003,GBA,17,3.33
Racing,2003,GC,24,12.9
Racing,2003,PC,1,0.05
Racing,2003,PS2,32,27.2
Racing,2003,XB,35,8.71
Racing,2004,DS,4,1.56
Racing,2004,GBA,10,3.37
Racing,2004,GC,4,1.3599999999999999
Racing,2004,PC,4,0.14
Racing,2004,PS2,24,32.78
Racing,2004,PSP,1,1.4
Racing,2004,XB,24,7.22
Racing,2005,DS,7,24.080000000000002
Racing,2005,GBA,9,1.03
Racing,2005,GC,3,0.77
Racing,2005,PC,2,0.31
Racing,2005,PS2,23,12.61
Racing,2005,PSP,12,10.28
Racing,2005,X360,3,2.05
Racing,2005,XB,17,4.9
Racing,2006,DS,3,1.31
Racing,2006,GBA,2,1.14
Racing,2006,GC,5,2.41
Racing,2006,PC,2,0.07
Racing,2006,PS2,18,5.91
Racing,2006,PS3,5,7.25
Racing,2006,PSP,18,7.359999999999999
Racing,2006,Wii,5,4.13
Racing,2006,X360,7,3.06
Racing,2006,XB,10,1.22
Racing,2007,DS,12,3.28
Racing,2007,PC,6,0.11
Racing,2007,PS2,14,4.9
Racing,2007,PS3,10,9.81
Racing,2007,PSP,13,4.83
Racing,2007,Wii,14,3.24
Racing,2007,X360,15,12.7
Racing,2008,DS,14,1.73
Racing,2008,PC,3,0.12
Racing,2008,PS2,11,3.04
Racing,2008,PS3,13,11.08
Racing,2008,PSP,7,3.03
Racing,2008,Wii,23,41.150000000000006
Racing,2008,X360,11,9.88
Racing,2009,DS,15,2.68
Racing,2009,PC,6,0.27
Racing,2009,PS2,5,1.43
Racing,2009,PS3,13,5.88
Racing,2009,PSP,8,6.53
Racing,2009,Wii,24,6.51
Racing,2009,X360,13,10.35
Racing,2010,DS,8,1.9200000000000002
Racing,2010,PC,4,0.52
Racing,2010,PS3,12,19.21
Racing,2010,PSP,3,0.73
Racing,2010,Wii,15,3.38
Racing,2010,X360,15,8.6
Racing,2011,3DS,9,14.57
Racing,2011,DS,3,1.49
Racing,2011,PC,9,0.92
Racing,2011,PS3,16,6.5200000000000005
Racing,2011,PSP,1,0.13
Racing,2011,PSV,2,0.30000000000000004
Racing,2011,Wii,9,1.8
Racing,2011,X360,16,9.1
Racing,2012,3DS,1,0.29
Racing,2012,PC,4,0.27
Racing,2012,PS3,8,5.12
Racing,2012,PSV,6,2.13
Racing,2012,Wii,1,0.01
Racing,2012,WiiU,1,0.51
Racing,2012,X360,9,5.35
Racing,2013,PC,3,0.32
Racing,2013,PS3,5,5.45
Racing,2013,PS4,1,1.98
Racing,2013,WiiU,1,0.27
Racing,2013,X360,4,1.42
Racing,2013,XOne,2,2.89
Racing,2014,PC,4,0.31
Racing,2014,PS3,6,0.89
Racing,2014,PS4,4,4.39
Racing,2014,PSV,2,0.05
Racing,2014,WiiU,1,7.09
Racing,2014,X360,7,1.6300000000000001
Racing,2014,XOne,3,2.28
Racing,2015,PC,3,0.21000000000000002
Racing,2015,PS3,2,0.1
Racing,2015,PS4,5,4.57
Racing,2015,PSV,1,0.05
Racing,2015,X360,1,0.01
Racing,2015,XOne,6,3.13
Racing,2016,PC,6,0.12
Racing,2016,PS4,9,1.22
Racing,2016,XOne,9,1.49
Racing,NA,2600,2,0.5900000000000001
Racing,NA,3DS,1,0.08
Racing,NA,DS,1,0.05
Racing,NA,GC,3,0.1
Racing,NA,PC,3,0.24
Racing,NA,PS,1,0.3
Racing,NA,PS2,4,2.07
Racing,NA,PS3,2,0.8200000000000001
Racing,NA,Wii,2,0.03
Racing,NA,X360,3,0.8500000000000001
Racing,NA,XB,1,0.07
Role-Playing,1986,NES,1,2.52
Role-Playing,1987,NES,3,4.65
Role-Playing,1988,NES,3,5.88
Role-Playing,1989,GB,1,1.1
Role-Playing,1989,NES,1,1.1
Role-Playing,1990,NES,2,4.52
Role-Playing,1991,GB,2,1.1400000000000001
Role-Playing,1991,SNES,3,2.11
Role-Playing,1992,SNES,5,6.86
Role-Playing,1993,GEN,1,0.05
Role-Playing,1993,SNES,8,5.54
Role-Playing,1994,GEN,2,0.22000000000000003
Role-Playing,1994,NES,1,0.11
Role-Playing,1994,PS,2,0.18
Role-Playing,1994,SCD,1,0.06
Role-Playing,1994,SNES,11,6.54
Role-Playing,1995,PS,7,3.21
Role-Playing,1995,SAT,4,1.08
Role-Playing,1995,SNES,13,9.97
Role-Playing,1996,GB,2,31.64
Role-Playing,1996,PC,1,1.59
Role-Playing,1996,PCFX,1,0.03
Role-Playing,1996,PS,11,4.7
Role-Playing,1996,SAT,3,0.5900000000000001
Role-Playing,1996,SNES,10,5.41
Role-Playing,1997,GB,1,0.4
Role-Playing,1997,PS,15,19.53
Role-Playing,1997,SAT,7,1.8599999999999999
Role-Playing,1998,GB,2,16.990000000000002
Role-Playing,1998,N64,1,0.47
Role-Playing,1998,PC,1,0.03
Role-Playing,1998,PS,19,10.36
Role-Playing,1998,SAT,3,0.22999999999999998
Role-Playing,1999,GB,3,24.41
Role-Playing,1999,N64,2,0.6599999999999999
Role-Playing,1999,PS,26,23.560000000000002
Role-Playing,1999,WS,2,0.46
Role-Playing,2e3,DC,3,0.49
Role-Playing,2e3,GB,5,9.79
Role-Playing,2e3,N64,3,1.7999999999999998
Role-Playing,2e3,PC,2,0.14
Role-Playing,2e3,PS,8,13.15
Role-Playing,2e3,PS2,7,3.15
Role-Playing,2e3,WS,1,0.51
Role-Playing,2001,DC,1,0.19
Role-Playing,2001,GB,5,2.77
Role-Playing,2001,GBA,11,3.5100000000000002
Role-Playing,2001,N64,1,0.1
Role-Playing,2001,PC,1,1.06
Role-Playing,2001,PS,7,3.27
Role-Playing,2001,PS2,14,10.91
Role-Playing,2001,WS,1,0.25
Role-Playing,2002,GBA,21,24.52
Role-Playing,2002,GC,5,1.06
Role-Playing,2002,PC,2,0.04
Role-Playing,2002,PS,2,0.34
Role-Playing,2002,PS2,21,16.03
Role-Playing,2002,XB,4,3.1399999999999997
Role-Playing,2003,GBA,13,9.22
Role-Playing,2003,GC,10,6.48
Role-Playing,2003,PC,2,0.34
Role-Playing,2003,PS2,17,11.24
Role-Playing,2003,XB,6,2.98
Role-Playing,2004,GBA,13,20.900000000000002
Role-Playing,2004,GC,6,3.8
Role-Playing,2004,PC,3,6.33
Role-Playing,2004,PS2,29,16.83
Role-Playing,2004,PSP,1,0.14
Role-Playing,2004,XB,8,5.95
Role-Playing,2005,DS,9,3.96
Role-Playing,2005,GBA,8,4.75
Role-Playing,2005,GC,3,1.59
Role-Playing,2005,PC,6,0.25
Role-Playing,2005,PS2,29,12.95
Role-Playing,2005,PSP,11,3.48
Role-Playing,2005,XB,5,1.44
Role-Playing,2006,DS,27,27.89
Role-Playing,2006,GBA,7,1.31
Role-Playing,2006,GC,1,0.1
Role-Playing,2006,PC,7,0.44
Role-Playing,2006,PS2,29,12.88
Role-Playing,2006,PS3,2,0.5800000000000001
Role-Playing,2006,PSP,25,3.6
Role-Playing,2006,Wii,2,1.98
Role-Playing,2006,X360,10,8.59
Role-Playing,2007,DS,34,14.22
Role-Playing,2007,PC,6,4.2299999999999995
Role-Playing,2007,PS2,26,4.54
Role-Playing,2007,PS3,5,3.73
Role-Playing,2007,PSP,18,9.44
Role-Playing,2007,Wii,5,1.0999999999999999
Role-Playing,2007,X360,9,6.19
Role-Playing,2008,DS,54,23.18
Role-Playing,2008,PC,10,3.44
Role-Playing,2008,PS2,9,2.59
Role-Playing,2008,PS3,7,7.5200000000000005
Role-Playing,2008,PSP,17,8.040000000000001
Role-Playing,2008,Wii,6,1.59
Role-Playing,2008,X360,9,12.67
Role-Playing,2009,DS,33,18.94
Role-Playing,2009,PC,9,0.91
Role-Playing,2009,PS2,1,0.41
Role-Playing,2009,PS3,10,11.85
Role-Playing,2009,PSP,28,4.17
Role-Playing,2009,Wii,11,4.87
Role-Playing,2009,X360,11,6.140000000000001
Role-Playing,2010,DS,28,25.62
Role-Playing,2010,PC,13,5.79
Role-Playing,2010,PS2,1,0.02
Role-Playing,2010,PS3,17,9.15
Role-Playing,2010,PSP,29,11.57
Role-Playing,2010,Wii,2,1.01
Role-Playing,2010,X360,13,16.41
Role-Playing,2011,3DS,8,4.92
Role-Playing,2011,DS,9,1.26
Role-Playing,2011,PC,13,9.02
Role-Playing,2011,PS3,15,18.25
Role-Playing,2011,PSP,33,5.69
Role-Playing,2011,PSV,1,0.1
Role-Playing,2011,Wii,7,2.09
Role-Playing,2011,X360,9,11.52
Role-Playing,2012,3DS,17,11.91
Role-Playing,2012,DS,2,9.09
Role-Playing,2012,PC,9,8.79
Role-Playing,2012,PS3,12,6.13
Role-Playing,2012,PSP,22,1.78
Role-Playing,2012,PSV,6,1.82
Role-Playing,2012,Wii,2,1.06
Role-Playing,2012,WiiU,2,0.96
Role-Playing,2012,X360,6,5.37
Role-Playing,2013,3DS,21,27.37
Role-Playing,2013,PS3,21,9.82
Role-Playing,2013,PSP,7,1.03
Role-Playing,2013,PSV,19,4.11
Role-Playing,2013,WiiU,1,0.41
Role-Playing,2013,X360,2,1.68
Role-Playing,2014,3DS,19,24.83
Role-Playing,2014,PC,11,2.36
Role-Playing,2014,PS3,18,5.36
Role-Playing,2014,PS4,8,5.46
Role-Playing,2014,PSV,24,3.0100000000000002
Role-Playing,2014,X360,6,2.74
Role-Playing,2014,XOne,3,1.81
Role-Playing,2015,3DS,15,6.88
Role-Playing,2015,PC,3,2.11
Role-Playing,2015,PS3,5,0.77
Role-Playing,2015,PS4,25,17.52
Role-Playing,2015,PSV,20,1.8699999999999999
Role-Playing,2015,WiiU,3,1.0999999999999999
Role-Playing,2015,XOne,7,7.41
Role-Playing,2016,3DS,7,8.35
Role-Playing,2016,PC,4,0.43
Role-Playing,2016,PS3,5,0.45
Role-Playing,2016,PS4,18,5.93
Role-Playing,2016,PSV,15,1.21
Role-Playing,2016,WiiU,1,0.42
Role-Playing,2016,XOne,4,1.33
Role-Playing,2017,PS4,1,0.04
Role-Playing,2017,PSV,1,0.01
Role-Playing,NA,3DS,1,0.03
Role-Playing,NA,DS,4,0.28
Role-Playing,NA,GC,2,0.12
Role-Playing,NA,N64,1,0.33
Role-Playing,NA,PC,1,0.42
Role-Playing,NA,PS2,4,1.95
Role-Playing,NA,PS3,2,0.060000000000000005
Role-Playing,NA,PSP,1,0.04
Role-Playing,NA,PSV,1,0.27
Shooter,1980,2600,2,7.069999999999999
Shooter,1981,2600,10,10.040000000000001
Shooter,1982,2600,5,3.79
Shooter,1983,2600,1,0.48
Shooter,1984,NES,3,31.099999999999998
Shooter,1985,NES,1,1
Shooter,1986,2600,1,0.37
Shooter,1986,NES,3,3.52
Shooter,1987,2600,2,0.71
Shooter,1988,2600,1,0.51
Shooter,1989,GB,1,1.2
Shooter,1991,SNES,3,2
Shooter,1992,GEN,1,0.13
Shooter,1992,PC,1,0.03
Shooter,1992,SNES,1,0.13
Shooter,1993,SNES,2,3.08
Shooter,1994,PC,2,5.56
Shooter,1994,PS,4,1.59
Shooter,1994,SAT,3,0.51
Shooter,1994,SNES,2,0.64
Shooter,1995,PS,18,1.9500000000000002
Shooter,1995,SAT,9,2.13
Shooter,1995,SNES,1,0.05
Shooter,1995,TG16,1,0.02
Shooter,1996,N64,1,0.19
Shooter,1996,PS,16,5.7
Shooter,1996,SAT,5,0.85
Shooter,1996,SNES,1,0.17
Shooter,1997,N64,5,13.08
Shooter,1997,PC,1,4.12
Shooter,1997,PS,17,4.51
Shooter,1997,SAT,4,0.46
Shooter,1998,DC,1,0.26
Shooter,1998,N64,6,1.76
Shooter,1998,PS,15,7.75
Shooter,1998,SAT,1,0.03
Shooter,1999,N64,9,3.52
Shooter,1999,PS,7,8.73
Shooter,2e3,DC,1,0.05
Shooter,2e3,N64,3,0.72
Shooter,2e3,PS,10,4.21
Shooter,2e3,PS2,6,1.8299999999999998
Shooter,2001,GBA,4,0.75
Shooter,2001,PC,1,0.02
Shooter,2001,PS,8,2.8000000000000003
Shooter,2001,PS2,19,12.8
Shooter,2001,XB,4,8.4
Shooter,2002,GBA,17,1.4
Shooter,2002,GC,14,7.26
Shooter,2002,PC,3,0.05
Shooter,2002,PS,1,2.07
Shooter,2002,PS2,26,27.75
Shooter,2002,XB,18,10.05
Shooter,2003,GBA,6,0.62
Shooter,2003,GC,14,1.26
Shooter,2003,PC,4,0.12
Shooter,2003,PS2,21,15.12
Shooter,2003,XB,28,10.01
Shooter,2004,GBA,10,0.66
Shooter,2004,GC,12,2.96
Shooter,2004,PC,9,2.91
Shooter,2004,PS2,30,21.61
Shooter,2004,XB,27,18.81
Shooter,2005,DS,4,0.2
Shooter,2005,GBA,2,0.14
Shooter,2005,GC,7,2.04
Shooter,2005,PC,9,0.46
Shooter,2005,PS2,29,18.48
Shooter,2005,PSP,5,3.36
Shooter,2005,X360,3,3.17
Shooter,2005,XB,37,13.7
Shooter,2006,DS,7,1.58
Shooter,2006,GBA,1,0.03
Shooter,2006,GC,1,0.11
Shooter,2006,PC,4,0.09
Shooter,2006,PS2,14,7.09
Shooter,2006,PS3,2,5.84
Shooter,2006,PSP,11,5.82
Shooter,2006,Wii,3,0.89
Shooter,2006,X360,16,15.64
Shooter,2006,XB,10,1.15
Shooter,2007,DC,1,0.02
Shooter,2007,DS,8,2.0100000000000002
Shooter,2007,PC,13,2.7399999999999998
Shooter,2007,PS2,3,0.32
Shooter,2007,PS3,15,15.57
Shooter,2007,PSP,12,7.319999999999999
Shooter,2007,Wii,13,8.57
Shooter,2007,X360,20,34.12
Shooter,2008,DS,9,1.5
Shooter,2008,PC,10,0.84
Shooter,2008,PS2,6,2.57
Shooter,2008,PS3,22,19.96
Shooter,2008,PSP,1,0.09
Shooter,2008,Wii,13,5.39
Shooter,2008,X360,22,28.87
Shooter,2009,DS,7,1.33
Shooter,2009,PC,16,2.04
Shooter,2009,PS2,3,0.65
Shooter,2009,PS3,19,22.509999999999998
Shooter,2009,PSP,4,2.09
Shooter,2009,Wii,13,6.55
Shooter,2009,X360,28,34.13
Shooter,2010,DS,4,0.98
Shooter,2010,PC,12,2.05
Shooter,2010,PS2,1,0.06
Shooter,2010,PS3,19,28.21
Shooter,2010,PSP,4,0.98
Shooter,2010,Wii,13,3.11
Shooter,2010,X360,28,41.48
Shooter,2011,3DS,4,1.0899999999999999
Shooter,2011,DS,3,0.32
Shooter,2011,PC,21,8.7
Shooter,2011,PS3,28,39.74
Shooter,2011,PSV,1,1.53
Shooter,2011,Wii,6,1.26
Shooter,2011,X360,31,45.53
Shooter,2012,3DS,1,0.07
Shooter,2012,PC,9,4.46
Shooter,2012,PS3,19,28.61
Shooter,2012,PSV,2,0.9099999999999999
Shooter,2012,WiiU,2,0.53
Shooter,2012,X360,15,37.22
Shooter,2013,3DS,1,0.06
Shooter,2013,PC,11,4.0600000000000005
Shooter,2013,PS3,17,19.62
Shooter,2013,PS4,3,10.11
Shooter,2013,PSV,1,0.8
Shooter,2013,WiiU,5,0.63
Shooter,2013,X360,19,21.83
Shooter,2013,XOne,2,4.9399999999999995
Shooter,2014,PC,7,2.5
Shooter,2014,PS3,10,9.67
Shooter,2014,PS4,7,21.31
Shooter,2014,PSV,1,0.64
Shooter,2014,WiiU,1,0.02
Shooter,2014,X360,11,11.3
Shooter,2014,XOne,10,19.82
Shooter,2015,PC,5,1.37
Shooter,2015,PS3,3,2.4699999999999998
Shooter,2015,PS4,11,32.97
Shooter,2015,WiiU,1,4.43
Shooter,2015,X360,3,2.34
Shooter,2015,XOne,11,23.91
Shooter,2016,PC,9,1.92
Shooter,2016,PS3,1,0.02
Shooter,2016,PS4,20,24.169999999999998
Shooter,2016,WiiU,1,0.36
Shooter,2016,X360,1,0.04
Shooter,2016,XOne,15,11.72
Shooter,NA,2600,2,3.51
Shooter,NA,3DS,1,0.07
Shooter,NA,PC,3,1.88
Shooter,NA,PS2,2,0.29000000000000004
Shooter,NA,PS3,1,0.24
Shooter,NA,Wii,4,2.3800000000000003
Shooter,NA,X360,6,1.31
Shooter,NA,XB,8,1.43
Simulation,1981,2600,1,0.45
Simulation,1985,PC,1,0.03
Simulation,1988,PC,1,0.03
Simulation,1990,SNES,1,1.14
Simulation,1991,SNES,2,2.14
Simulation,1992,PC,1,2.14
Simulation,1993,SNES,1,0.19
Simulation,1994,PS,2,0.76
Simulation,1994,SAT,2,0.36000000000000004
Simulation,1994,SNES,3,1.61
Simulation,1995,3DO,1,0.02
Simulation,1995,PS,9,3.34
Simulation,1995,SAT,2,0.27
Simulation,1995,SNES,2,0.55
Simulation,1996,GB,1,1.45
Simulation,1996,N64,2,1.28
Simulation,1996,PC,1,5.12
Simulation,1996,PS,7,3.04
Simulation,1996,SAT,2,0.44
Simulation,1997,GB,2,1.68
Simulation,1997,PS,17,7.97
Simulation,1998,N64,2,4
Simulation,1998,PS,5,3.0500000000000003
Simulation,1998,SAT,1,0.06
Simulation,1999,DC,1,0.52
Simulation,1999,GB,2,0.42
Simulation,1999,N64,4,4.34
Simulation,1999,PS,13,6.16
Simulation,2e3,N64,1,0.26
Simulation,2e3,PC,2,0.07
Simulation,2e3,PS,4,0.78
Simulation,2e3,PS2,8,2.27
Simulation,2001,GBA,1,0.06
Simulation,2001,GC,2,5.05
Simulation,2001,N64,1,0.31
Simulation,2001,PC,4,4.04
Simulation,2001,PS,2,0.16999999999999998
Simulation,2001,PS2,17,9.49
Simulation,2001,XB,1,0.42
Simulation,2002,GBA,3,0.43
Simulation,2002,GC,2,0.29000000000000004
Simulation,2002,PC,4,6.89
Simulation,2002,PS,1,0.06
Simulation,2002,PS2,5,1.4200000000000002
Simulation,2002,XB,4,1.72
Simulation,2003,GBA,6,2.57
Simulation,2003,GC,3,1.9500000000000002
Simulation,2003,PC,9,4.1499999999999995
Simulation,2003,PS2,11,9.81
Simulation,2003,XB,6,2.71
Simulation,2004,DS,3,0.8
Simulation,2004,GBA,4,1.6300000000000001
Simulation,2004,GC,1,0.4
Simulation,2004,PC,1,0.29
Simulation,2004,PS2,10,6.39
Simulation,2004,PSP,1,0.05
Simulation,2004,XB,7,1.27
Simulation,2005,DS,10,40.31
Simulation,2005,GBA,3,1.06
Simulation,2005,GC,3,0.63
Simulation,2005,PC,7,1.51
Simulation,2005,PS2,8,3.04
Simulation,2005,PSP,2,1.4600000000000002
Simulation,2005,XB,5,0.91
Simulation,2006,DS,14,10.92
Simulation,2006,GBA,1,0.16
Simulation,2006,GC,1,0.27
Simulation,2006,PC,12,1.51
Simulation,2006,PS2,14,2.67
Simulation,2006,PS3,4,1.07
Simulation,2006,PSP,4,1.96
Simulation,2006,Wii,2,0.39
Simulation,2006,X360,4,2.5300000000000002
Simulation,2006,XB,1,0.08
Simulation,2007,DS,46,28.78
Simulation,2007,PC,9,0.3
Simulation,2007,PS2,10,2.85
Simulation,2007,PS3,2,1.21
Simulation,2007,PSP,2,0.89
Simulation,2007,Wii,15,12.09
Simulation,2007,X360,6,2.3
Simulation,2008,DS,77,26.39
Simulation,2008,PC,7,1.89
Simulation,2008,PS2,4,2.05
Simulation,2008,PS3,1,0.19
Simulation,2008,PSP,2,0.18
Simulation,2008,Wii,25,14.47
Simulation,2008,X360,3,0.9199999999999999
Simulation,2009,DS,72,13.25
Simulation,2009,PC,6,9.02
Simulation,2009,PS2,2,2.27
Simulation,2009,PS3,3,1.83
Simulation,2009,PSP,10,0.76
Simulation,2009,Wii,27,5.18
Simulation,2009,X360,3,0.72
Simulation,2010,DS,44,7.12
Simulation,2010,PC,12,3.49
Simulation,2010,PS3,4,2.59
Simulation,2010,PSP,5,0.75
Simulation,2010,Wii,11,3.17
Simulation,2010,X360,5,4.43
Simulation,2011,3DS,9,6.99
Simulation,2011,DS,11,1.84
Simulation,2011,PC,20,2.9
Simulation,2011,PS3,5,1.6400000000000001
Simulation,2011,PSP,1,0.12
Simulation,2011,PSV,1,0.03
Simulation,2011,Wii,2,0.16999999999999998
Simulation,2011,X360,7,1.44
Simulation,2012,3DS,5,10.4
Simulation,2012,PC,2,1.1199999999999999
Simulation,2012,PS3,5,1.07
Simulation,2012,PSP,1,0.06
Simulation,2012,Wii,1,0.08
Simulation,2012,X360,4,0.63
Simulation,2013,3DS,5,5.4
Simulation,2013,DS,1,0.21
Simulation,2013,PC,3,1.52
Simulation,2013,PS3,4,0.33
Simulation,2013,Wii,1,0.14
Simulation,2013,WiiU,1,0.2
Simulation,2013,X360,2,0.46
Simulation,2013,XOne,1,0.36
Simulation,2014,3DS,4,0.6699999999999999
Simulation,2014,PC,4,4.83
Simulation,2014,PS3,1,0.02
Simulation,2014,PSV,1,0.01
Simulation,2014,X360,1,0.06
Simulation,2015,3DS,3,3.2199999999999998
Simulation,2015,PC,6,0.8099999999999999
Simulation,2015,PS3,1,0.37
Simulation,2015,PS4,2,0.6599999999999999
Simulation,2015,PSV,1,0.03
Simulation,2015,X360,1,0.35
Simulation,2015,XOne,1,0.2
Simulation,2016,3DS,3,0.26
Simulation,2016,PC,8,0.9500000000000001
Simulation,2016,PS4,4,0.54
Simulation,2016,PSV,1,0.01
Simulation,2016,XOne,2,0.13
Simulation,2020,DS,1,0.29
Simulation,NA,3DS,2,0.49
Simulation,NA,DS,5,0.38
Simulation,NA,PS2,1,0.4
Simulation,NA,PS3,1,0.07
Simulation,NA,Wii,3,0.34
Simulation,NA,X360,4,0.33999999999999997
Sports,1980,2600,1,0.49
Sports,1981,2600,4,0.79
Sports,1982,2600,2,1.05
Sports,1983,NES,1,3.2
Sports,1984,NES,2,6.18
Sports,1985,NES,1,1.96
Sports,1986,2600,1,0.29
Sports,1986,NES,2,5.28
Sports,1987,2600,2,0.15000000000000002
Sports,1987,NES,2,3.57
Sports,1988,NES,2,3.5999999999999996
Sports,1989,GB,3,5.720000000000001
Sports,1990,GB,1,0.33
Sports,1990,NES,2,1.78
Sports,1991,NES,2,1.28
Sports,1991,SNES,5,1.1300000000000001
Sports,1992,GEN,1,2.05
Sports,1992,SNES,3,0.9
Sports,1993,SNES,9,3.18
Sports,1994,GEN,2,1.1500000000000001
Sports,1994,PS,3,0.9400000000000001
Sports,1994,SAT,4,0.42
Sports,1994,SNES,13,5.88
Sports,1995,NG,1,0.02
Sports,1995,PS,16,3.65
Sports,1995,SAT,2,0.37
Sports,1995,SNES,10,3.94
Sports,1996,N64,5,1.33
Sports,1996,PS,38,13.03
Sports,1996,SAT,3,0.66
Sports,1996,SNES,6,2.43
Sports,1997,N64,11,5.41
Sports,1997,PS,31,23.580000000000002
Sports,1997,SAT,2,0.7
Sports,1997,SNES,2,0.33
Sports,1998,GB,1,0.07
Sports,1998,N64,24,11.41
Sports,1998,PS,40,29.68
Sports,1998,SAT,4,0.55
Sports,1998,SNES,1,0.08
Sports,1999,DC,6,2.25
Sports,1999,GB,1,0.17
Sports,1999,N64,22,6.43
Sports,1999,PC,1,1.07
Sports,1999,PS,31,20.28
Sports,1999,SAT,1,0.09
Sports,2e3,DC,4,1.4100000000000001
Sports,2e3,GB,3,2.76
Sports,2e3,GBA,1,0.06
Sports,2e3,N64,12,6.4399999999999995
Sports,2e3,PS,38,20.03
Sports,2e3,PS2,22,9.5
Sports,2e3,XB,1,0.99
Sports,2001,GBA,14,3.5100000000000002
Sports,2001,GC,8,2.91
Sports,2001,N64,4,1.5
Sports,2001,PC,1,0.03
Sports,2001,PS,20,7.62
Sports,2001,PS2,41,32.74
Sports,2001,XB,8,3.12
Sports,2002,GBA,30,5.24
Sports,2002,GC,41,5.16
Sports,2002,N64,1,0.08
Sports,2002,PS,3,0.28
Sports,2002,PS2,68,44.56
Sports,2002,XB,45,10.1
Sports,2003,GBA,17,3.62
Sports,2003,GC,18,4.84
Sports,2003,PC,2,2.27
Sports,2003,PS,1,0.42
Sports,2003,PS2,48,33.2
Sports,2003,XB,39,11.76
Sports,2004,DS,3,0.45
Sports,2004,GBA,14,2.23
Sports,2004,GC,14,4.45
Sports,2004,PC,3,0.04
Sports,2004,PS2,43,40.9
Sports,2004,PSP,1,1.96
Sports,2004,XB,28,13.64
Sports,2005,DS,9,0.87
Sports,2005,GBA,8,1.63
Sports,2005,GC,17,5.79
Sports,2005,PS2,37,33.33
Sports,2005,PSP,22,7.66
Sports,2005,X360,6,1.33
Sports,2005,XB,22,8.9
Sports,2006,DS,11,2.65
Sports,2006,GBA,4,0.12
Sports,2006,GC,6,1.25
Sports,2006,PC,2,0.03
Sports,2006,PS2,38,26.68
Sports,2006,PS3,7,2.42
Sports,2006,PSP,23,5.8100000000000005
Sports,2006,Wii,4,83.79
Sports,2006,X360,23,9.09
Sports,2006,XB,20,3.99
Sports,2007,DS,28,4.48
Sports,2007,GC,2,0.09
Sports,2007,PC,3,1.1500000000000001
Sports,2007,PS2,32,18.46
Sports,2007,PS3,25,11.48
Sports,2007,PSP,18,4.92
Sports,2007,Wii,32,45.26
Sports,2007,X360,24,11.57
Sports,2007,XB,2,0.37
Sports,2008,DS,41,13.13
Sports,2008,PC,3,0.05
Sports,2008,PS2,30,12.52
Sports,2008,PS3,28,14.36
Sports,2008,PSP,13,6.05
Sports,2008,Wii,59,32.81
Sports,2008,X360,25,15.53
Sports,2008,XB,1,0.18
Sports,2009,DS,25,6.22
Sports,2009,PC,6,0.19
Sports,2009,PS2,18,7.39
Sports,2009,PS3,24,16.24
Sports,2009,PSP,17,5.16
Sports,2009,Wii,67,87.18
Sports,2009,X360,26,14.950000000000001
Sports,2010,DS,21,2.87
Sports,2010,PC,5,1.55
Sports,2010,PS2,11,3.09
Sports,2010,PS3,37,26.22
Sports,2010,PSP,15,4.61
Sports,2010,Wii,61,24.57
Sports,2010,X360,36,28.43
Sports,2011,3DS,13,1.92
Sports,2011,DS,6,0.51
Sports,2011,PC,7,2.36
Sports,2011,PS2,3,0.27
Sports,2011,PS3,27,17.65
Sports,2011,PSP,10,2.15
Sports,2011,PSV,2,0.97
Sports,2011,Wii,25,10.81
Sports,2011,X360,28,19.48
Sports,2012,3DS,4,2.42
Sports,2012,DS,1,0.08
Sports,2012,PC,4,1.2999999999999998
Sports,2012,PS3,16,12.450000000000001
Sports,2012,PSP,5,0.7100000000000001
Sports,2012,PSV,4,1.13
Sports,2012,Wii,4,1.16
Sports,2012,WiiU,3,0.72
Sports,2012,X360,13,10.45
Sports,2013,3DS,3,0.52
Sports,2013,DS,1,0.03
Sports,2013,PC,2,1.04
Sports,2013,PS3,14,14.889999999999999
Sports,2013,PS4,4,5.6
Sports,2013,PSP,4,0.6
Sports,2013,PSV,7,0.87
Sports,2013,Wii,2,0.4
Sports,2013,WiiU,3,1.65
Sports,2013,X360,9,12.55
Sports,2013,XOne,4,3.08
Sports,2014,3DS,4,1.17
Sports,2014,PC,2,0.34
Sports,2014,PS3,13,10.19
Sports,2014,PS4,11,15.33
Sports,2014,PSP,1,0.09
Sports,2014,PSV,4,0.89
Sports,2014,Wii,1,0.56
Sports,2014,WiiU,1,0.38
Sports,2014,X360,7,8.25
Sports,2014,XOne,10,7.9
Sports,2015,3DS,1,0.14
Sports,2015,PC,4,0.35000000000000003
Sports,2015,PS3,12,5.87
Sports,2015,PS4,15,20.09
Sports,2015,PSV,4,0.09
Sports,2015,WiiU,1,0.44
Sports,2015,X360,9,4.31
Sports,2015,XOne,13,9.61
Sports,2016,PC,5,0.24
Sports,2016,PS3,8,1.48
Sports,2016,PS4,16,14.58
Sports,2016,PSV,2,0.21
Sports,2016,X360,6,0.84
Sports,2016,XOne,11,6.18
Sports,NA,2600,2,0.66
Sports,NA,3DS,1,0.02
Sports,NA,DS,2,0.12000000000000001
Sports,NA,GC,4,1
Sports,NA,N64,1,0.2
Sports,NA,PS,1,1.46
Sports,NA,PS2,9,10.770000000000001
Sports,NA,PS3,3,0.63
Sports,NA,PSP,5,1.79
Sports,NA,Wii,5,2.07
Sports,NA,X360,5,1.67
Sports,NA,XB,4,1.22
Strategy,1991,GB,1,0.18
Strategy,1991,SNES,3,0.76
Strategy,1992,PC,2,0.08
Strategy,1992,SNES,1,0.29
Strategy,1993,GEN,1,0.19
Strategy,1993,SNES,1,0.62
Strategy,1994,PC,1,2.08
Strategy,1994,PS,1,0.25
Strategy,1994,SCD,1,0.14
Strategy,1994,SNES,3,1.09
Strategy,1995,PC,1,4.21
Strategy,1995,PS,6,0.82
Strategy,1995,SAT,3,0.27
Strategy,1995,SNES,4,1.21
Strategy,1996,PC,1,2.85
Strategy,1996,PS,6,1.3900000000000001
Strategy,1996,SAT,3,0.62
Strategy,1996,SNES,2,0.75
Strategy,1997,GB,1,0.37
Strategy,1997,PC,2,2.4099999999999997
Strategy,1997,PS,13,3.71
Strategy,1997,SAT,5,1.22
Strategy,1998,GB,2,5.3100000000000005
Strategy,1998,N64,1,1.37
Strategy,1998,PC,5,2.2
Strategy,1998,PS,20,3.45
Strategy,1998,SAT,7,1.1300000000000001
Strategy,1999,GB,1,1.1
Strategy,1999,N64,5,6
Strategy,1999,PC,2,1.6400000000000001
Strategy,1999,PS,17,9.45
Strategy,1999,SNES,1,0.26
Strategy,2e3,GB,1,0.2
Strategy,2e3,N64,3,2.96
Strategy,2e3,PC,2,1.48
Strategy,2e3,PS,5,1.79
Strategy,2e3,PS2,5,1.92
Strategy,2e3,WS,1,0.17
Strategy,2001,GB,1,0.89
Strategy,2001,GBA,5,3.32
Strategy,2001,GC,1,1.63
Strategy,2001,PC,7,0.3
Strategy,2001,PS,3,0.83
Strategy,2001,PS2,2,0.55
Strategy,2001,WS,1,0.03
Strategy,2002,GBA,3,0.33
Strategy,2002,GC,1,0.71
Strategy,2002,PC,6,1.52
Strategy,2002,PS2,11,2.9299999999999997
Strategy,2002,XB,1,0.07
Strategy,2003,GBA,5,2.49
Strategy,2003,GC,3,0.16
Strategy,2003,PC,10,1.86
Strategy,2003,PS2,11,2.7600000000000002
Strategy,2003,XB,8,0.72
Strategy,2004,GBA,3,1.08
Strategy,2004,GC,4,1.3499999999999999
Strategy,2004,PC,8,0.64
Strategy,2004,PS2,9,1.6500000000000001
Strategy,2004,PSP,1,0.87
Strategy,2004,XB,7,1.57
Strategy,2005,DS,5,1.63
Strategy,2005,GBA,2,0.22999999999999998
Strategy,2005,GC,2,0.47000000000000003
Strategy,2005,PC,8,0.82
Strategy,2005,PS2,5,1.39
Strategy,2005,PSP,3,0.4
Strategy,2005,XB,4,0.37
Strategy,2006,DS,7,0.51
Strategy,2006,PC,14,0.52
Strategy,2006,PS2,7,0.9600000000000001
Strategy,2006,PSP,9,1.76
Strategy,2006,Wii,1,0.05
Strategy,2006,X360,3,0.37
Strategy,2006,XB,1,0.05
Strategy,2007,DS,19,2.35
Strategy,2007,PC,16,0.58
Strategy,2007,PS2,14,1.91
Strategy,2007,PSP,8,1.68
Strategy,2007,Wii,4,1.3900000000000001
Strategy,2007,X360,6,1.35
Strategy,2008,DS,18,2.75
Strategy,2008,PC,14,2.68
Strategy,2008,PS2,2,0.53
Strategy,2008,PS3,3,1.52
Strategy,2008,PSP,4,0.67
Strategy,2008,Wii,3,0.77
Strategy,2008,X360,6,2.63
Strategy,2009,DS,12,2.58
Strategy,2009,PC,24,2.59
Strategy,2009,PS2,4,0.44
Strategy,2009,PS3,5,0.61
Strategy,2009,PSP,8,1.66
Strategy,2009,Wii,7,1.17
Strategy,2009,X360,4,3.31
Strategy,2010,DS,10,1.4000000000000001
Strategy,2010,PC,16,8.3
Strategy,2010,PS3,2,0.63
Strategy,2010,PSP,12,1.1
Strategy,2010,Wii,7,1.22
Strategy,2010,X360,6,1.12
Strategy,2011,3DS,4,0.8200000000000001
Strategy,2011,DS,7,3.04
Strategy,2011,PC,20,3.17
Strategy,2011,PS3,4,0.32
Strategy,2011,PSP,9,1.32
Strategy,2011,Wii,2,0.16999999999999998
Strategy,2012,PC,6,0.97
Strategy,2012,PS3,4,0.97
Strategy,2012,PSP,3,0.69
Strategy,2012,WiiU,1,0.02
Strategy,2012,X360,1,0.62
Strategy,2013,3DS,3,0.5
Strategy,2013,PC,3,2.73
Strategy,2013,PS3,3,0.55
Strategy,2013,PS4,1,0.21
Strategy,2013,PSP,1,0.02
Strategy,2013,PSV,3,0.16999999999999998
Strategy,2013,Wii,1,0.26
Strategy,2013,WiiU,2,1.2100000000000002
Strategy,2013,X360,1,0.28
Strategy,2013,XOne,1,0.16
Strategy,2014,3DS,3,0.42000000000000004
Strategy,2014,PC,1,0.36
Strategy,2014,PS3,1,0.06
Strategy,2014,PS4,2,0.1
Strategy,2014,PSV,1,0.05
Strategy,2015,3DS,4,0.3
Strategy,2015,PC,8,1.22
Strategy,2015,PS4,1,0.07
Strategy,2015,PSV,2,0.04
Strategy,2015,XOne,1,0.21
Strategy,2016,3DS,1,0.06
Strategy,2016,PC,8,0.73
Strategy,2016,PS4,2,0.22000000000000003
Strategy,2016,PSV,1,0.09
Strategy,2016,XOne,1,0.05
Strategy,NA,DS,1,0.61
Strategy,NA,PC,3,0.09
Strategy,NA,PS2,1,0.11
Strategy,NA,PS3,2,0.16
Strategy,NA,PSP,2,0.32999999999999996
Strategy,NA,X360,1,0.35
NA,1993,GEN,2,2.42
